Workbook

Sheet Test Plan
A1: ID | B1: Nhóm chức năng | C1: Tính năng | D1: Nội dung kiểm tra | E1: Kết quả mong đợi | F1: Trạng thái | G1: Ghi chú
A2: TC001 | B2: Đăng ký | C2: Sign Up | D2: Đăng ký với email hợp lệ và mật khẩu đạt yêu cầu | E2: Tạo tài khoản thành công, chuyển sang màn hình OTP | F2: Pass
A3: TC002 | B3: Đăng ký | C3: Sign Up | D3: Nhập email sai định dạng (thiếu @ hoặc .) | E3: Hiện lỗi định dạng email, không cho submit | F3: Pass
A4: TC003 | B4: Đăng ký | C4: Sign Up | D4: Mật khẩu < 8 ký tự / thiếu chữ hoa/thường/số/ký tự đặc biệt | E4: Hiện lỗi yêu cầu mật khẩu ngay khi nhập | F4: Pass
A5: TC004 | B5: Đăng ký | C5: Sign Up | D5: Confirm password không khớp | E5: Hiện lỗi mật khẩu không khớp, chặn submit | F5: Pass
A6: TC005 | B6: Đăng ký | C6: Sign Up | D6: Đăng ký email đã tồn tại | E6: Hiện modal lỗi đăng ký thất bại | F6: Pass
A7: TC006 | B7: Đăng ký | C7: OTP Verify | D7: Nhập đủ 6 số OTP đúng (flow signUp) | E7: Xác thực thành công, chuyển về tab Sign In | F7: Pass
A8: TC007 | B8: Đăng ký | C8: OTP Verify | D8: Nhập OTP thiếu số hoặc sai | E8: Báo lỗi OTP chưa đủ / xác thực thất bại | F8: Pass
A9: TC008 | B9: Đăng ký | C9: OTP Verify | D9: Tự nhảy ô kế tiếp khi nhập, backspace về ô trước | E9: Con trỏ di chuyển đúng, xóa đúng ô | F9: Pass
A10: TC009 | B10: Đăng ký | C10: OTP Verify | D10: Nút Resend sau đếm ngược 60s | E10: Nút Resend hiện sau 60s và gửi lại OTP | F10: Pass
A11: TC010 | B11: Đăng nhập | C11: Sign In | D11: Đăng nhập email/mật khẩu đúng | E11: Vào màn hình Tabs (Home)
A12: TC011 | B12: Đăng nhập | C12: Sign In | D12: Đăng nhập sai mật khẩu / email | E12: Hiện modal sai thông tin đăng nhập
A13: TC012 | B13: Đăng nhập | C13: Sign In | D13: Đăng nhập tài khoản chưa xác thực email (403001) | E13: Hiện modal chưa xác thực, cho gửi lại / chuyển OTP
A14: TC013 | B14: Đăng nhập | C14: Sign In | D14: Bỏ trống email hoặc mật khẩu | E14: Chặn submit, báo trường bắt buộc
A15: TC014 | B15: Đăng nhập | C15: Social Login | D15: Đăng nhập Google thành công | E15: Lấy được ID token, vào Tabs
A16: TC015 | B16: Đăng nhập | C16: Social Login | D16: Hủy đăng nhập Google giữa chừng | E16: Không lỗi treo, quay lại màn hình đăng nhập
A17: TC016 | B17: Đăng nhập | C17: Social Login | D17: Google không trả ID token | E17: Hiện modal lỗi đăng nhập
A18: TC017 | B18: Đăng nhập | C18: Token | D18: Lưu token bằng SecureStore sau đăng nhập | E18: Token được lưu mã hóa, tự đăng nhập lần sau
A19: TC018 | B19: Mật khẩu | C19: Forgot Password | D19: Nhập email hợp lệ để nhận OTP | E19: Gửi OTP, chuyển sang OTP (flow forgotPassword)
A20: TC019 | B20: Mật khẩu | C20: Forgot Password | D20: Nhập email không tồn tại / sai định dạng | E20: Nút gửi bị disable / báo lỗi không tìm thấy
A21: TC020 | B21: Mật khẩu | C21: OTP Forgot | D21: Xác thực OTP đúng | E21: Chuyển sang màn hình đặt mật khẩu mới (NewPass)
A22: TC021 | B22: Mật khẩu | C22: New Password | D22: Đặt mật khẩu mới hợp lệ, confirm khớp | E22: Đổi thành công, hiện modal, về màn hình Auth
... A25: TC024 | B25: Mật khẩu | C25: Change Password | D25: Mật khẩu mới trùng mật khẩu cũ / không khớp confirm | E25: Báo lỗi tương ứng, chặn submit
A26: TC025 | B26: Onboarding | C26: Onboarding | D26: Lướt qua 3 slide, nút Skip/Next/Finish | E26: Chuyển slide đúng, Finish → màn hình Auth | F26: Pass
A27: TC026 | B27: Điều hướng | C27: Tabs | D27: Chuyển 5 tab (Overview/Market/Chatbot/News/Profile) | E27: Đổi tab đúng, thanh indicator chạy mượt
A28: TC027 | B28: Điều hướng | C28: Tabs | D28: Vuốt trái/phải để đổi tab | E28: Chuyển tab theo cử chỉ vuốt
A29: TC028 | B29: Điều hướng | C29: Tabs | D29: Lazy load tab chưa mở | E29: Tab chỉ render khi được truy cập lần đầu
A30: TC029 | B30: Home | C30: Market Indices | D30: Hiển thị chỉ số HSX/HNX/UPCOM với % tăng giảm | E30: Giá trị & màu tăng/giảm hiển thị đúng
A31: TC030 | B31: Home | C31: Suggestion | D31: Danh sách cổ phiếu gợi ý, bấm vào 1 mã | E31: Điều hướng sang màn hình Detail của mã đó
A32: TC031 | B32: Home | C32: News Section | D32: Danh sách tin mới, bấm vào 1 tin | E32: Điều hướng sang NewDetail
A33: TC032 | B33: Home | C33: Pull-to-refresh | D33: Kéo để làm mới toàn màn hình | E33: Tất cả section được tải lại dữ liệu mới
A34: TC033 | B34: Market | C34: Market Tab | D34: Hiển thị chỉ số, ngành, watchlist | E34: Các section hiển thị đúng dữ liệu
A35: TC034 | B35: Market | C35: Favorites Tab | D35: Xem danh sách cổ phiếu đã lưu | E35: Hiển thị đúng cổ phiếu yêu thích
A36: TC035 | B36: Market | C36: Search Bar | D36: Bấm ô tìm kiếm trên Market | E36: Điều hướng sang màn hình Search
A37: TC036 | B37: Market | C37: Pull-to-refresh | D37: Làm mới tab đang xem | E37: Chỉ tab hiện tại được tải lại
A38: TC037 | B38: Tìm kiếm | C38: Search | D38: Gõ từ khóa tìm cổ phiếu | E38: Hiện kết quả realtime khớp từ khóa
... A102: TC101 | B102: Chung | C102: Safe Area | D102: Hiển thị trên máy có notch / home indicator | E102: Nội dung không bị che, canh lề an toàn

Sheet Tổng hợp
A1: Nhóm chức năng | B1: Số test case
A2: Đăng ký | B2: =COUNTIF('Test Plan'!B:B,A2) -> 9
A3: Đăng nhập | B3: =COUNTIF('Test Plan'!B:B,A3) -> 8
A4: Mật khẩu | B4: =COUNTIF('Test Plan'!B:B,A4) -> 7
A5: Onboarding | B5: =COUNTIF('Test Plan'!B:B,A5) -> 1
A6: Điều hướng | B6: =COUNTIF('Test Plan'!B:B,A6) -> 3
A7: Home | B7: =COUNTIF('Test Plan'!B:B,A7) -> 4
A8: Market | B8: =COUNTIF('Test Plan'!B:B,A8) -> 4
A9: Tìm kiếm | B9: =COUNTIF('Test Plan'!B:B,A9) -> 4
A10: Chi tiết CP | B10: =COUNTIF('Test Plan'!B:B,A10) -> 4
A11: Biểu đồ | B11: =COUNTIF('Test Plan'!B:B,A11) -> 6
A12: Phân tích cơ bản | B12: =COUNTIF('Test Plan'!B:B,A12) -> 3
A13: Chỉ số | B13: =COUNTIF('Test Plan'!B:B,A13) -> 2
... A21: Chung | B21: =COUNTIF('Test Plan'!B:B,A21) -> 6
A22: TỔNG CỘNG | B22: =SUM(B2:B21) -> 101
